Age,sex,cp,trestbps,chol,fbs,restecg,thalach,exang,oldpeak,slope,ca,thal,num,type
63,male,angina,145,233,TRUE,hyp,150,fal,2.3,down,0,fix,buff,H
67,male,asympt,160,286,fal,hyp,108,TRUE,1.5,flat,3,norm,sick,S2
67,male,asympt,120,229,fal,hyp,129,TRUE,2.6,flat,2,rev,sick,S1
37,male,notang,130,250,fal,norm,187,fal,3.5,down,0,norm,buff,H
41,fem,abnang,130,204,fal,hyp,172,fal,1.4,up,0,norm,buff,H
56,male,abnang,120,236,fal,norm,178,fal,0.8,up,0,norm,buff,H
62,fem,asympt,140,268,fal,hyp,160,fal,3.6,down,2,norm,sick,S3
57,fem,asympt,120,354,fal,norm,163,TRUE,0.6,up,0,norm,buff,H
63,male,asympt,130,254,fal,hyp,147,fal,1.4,flat,1,rev,sick,S2
53,male,asympt,140,203,TRUE,hyp,155,TRUE,3.1,down,0,rev,sick,S1
57,male,asympt,140,192,fal,norm,148,fal,0.4,flat,0,fix,buff,H
56,fem,abnang,140,294,fal,hyp,153,fal,1.3,flat,0,norm,buff,H
56,male,notang,130,256,TRUE,hyp,142,TRUE,0.6,flat,1,fix,sick,S2
44,male,abnang,120,263,fal,norm,173,fal,0,up,0,rev,buff,H
49,male,abnang,130,266,fal,norm,171,fal,0.6,up,0,norm,buff,H
64,male,angina,110,211,fal,hyp,144,TRUE,1.8,flat,0,norm,buff,H
58,fem,angina,150,283,TRUE,hyp,162,fal,1,up,0,norm,buff,H
58,male,abnang,120,284,fal,hyp,160,fal,1.8,flat,0,norm,sick,S1
58,male,notang,132,224,fal,hyp,173,fal,3.2,up,2,rev,sick,S3
60,male,asympt,130,206,fal,hyp,132,TRUE,2.4,flat,2,rev,sick,S4
50,fem,notang,120,219,fal,norm,158,fal,1.6,flat,0,norm,buff,H
58,fem,notang,120,340,fal,norm,172,fal,0,up,0,norm,buff,H
66,fem,angina,150,226,fal,norm,114,fal,2.6,down,0,norm,buff,H
43,male,asympt,150,247,fal,norm,171,fal,1.5,up,0,norm,buff,H
40,male,asympt,110,167,fal,hyp,114,TRUE,2,flat,0,rev,sick,S3
69,fem,angina,140,239,fal,norm,151,fal,1.8,up,2,norm,buff,H
60,male,asympt,117,230,TRUE,norm,160,TRUE,1.4,up,2,rev,sick,S2
64,male,notang,140,335,fal,norm,158,fal,0,up,0,norm,sick,S1
59,male,asympt,135,234,fal,norm,161,fal,0.5,flat,0,rev,buff,H
44,male,notang,130,233,fal,norm,179,TRUE,0.4,up,0,norm,buff,H
42,male,asympt,140,226,fal,norm,178,fal,0,up,0,norm,buff,H
43,male,asympt,120,177,fal,hyp,120,TRUE,2.5,flat,0,rev,sick,S3
57,male,asympt,150,276,fal,hyp,112,TRUE,0.6,flat,1,fix,sick,S1
55,male,asympt,132,353,fal,norm,132,TRUE,1.2,flat,1,rev,sick,S3
61,male,notang,150,243,TRUE,norm,137,TRUE,1,flat,0,norm,buff,H
65,fem,asympt,150,225,fal,hyp,114,fal,1,flat,3,rev,sick,S4
40,male,angina,140,199,fal,norm,178,TRUE,1.4,up,0,rev,buff,H
71,fem,abnang,160,302,fal,norm,162,fal,0.4,up,2,norm,buff,H
59,male,notang,150,212,TRUE,norm,157,fal,1.6,up,0,norm,buff,H
61,fem,asympt,130,330,fal,hyp,169,fal,0,up,0,norm,sick,S1
58,male,notang,112,230,fal,hyp,165,fal,2.5,flat,1,rev,sick,S4
51,male,notang,110,175,fal,norm,123,fal,0.6,up,0,norm,buff,H
50,male,asympt,150,243,fal,hyp,128,fal,2.6,flat,0,rev,sick,S4
65,fem,notang,140,417,TRUE,hyp,157,fal,0.8,up,1,norm,buff,H
53,male,notang,130,197,TRUE,hyp,152,fal,1.2,down,0,norm,buff,H
41,fem,abnang,105,198,fal,norm,168,fal,0,up,1,norm,buff,H
65,male,asympt,120,177,fal,norm,140,fal,0.4,up,0,rev,buff,H
44,male,asympt,112,290,fal,hyp,153,fal,0,up,1,norm,sick,S2
44,male,abnang,130,219,fal,hyp,188,fal,0,up,0,norm,buff,H
60,male,asympt,130,253,fal,norm,144,TRUE,1.4,up,1,rev,sick,S1
54,male,asympt,124,266,fal,hyp,109,TRUE,2.2,flat,1,rev,sick,S1
50,male,notang,140,233,fal,norm,163,fal,0.6,flat,1,rev,sick,S1
41,male,asympt,110,172,fal,hyp,158,fal,0,up,0,rev,sick,S1
54,male,notang,125,273,fal,hyp,152,fal,0.5,down,1,norm,buff,H
51,male,angina,125,213,fal,hyp,125,TRUE,1.4,up,1,norm,buff,H
51,fem,asympt,130,305,fal,norm,142,TRUE,1.2,flat,0,rev,sick,S2
46,fem,notang,142,177,fal,hyp,160,TRUE,1.4,down,0,norm,buff,H
58,male,asympt,128,216,fal,hyp,131,TRUE,2.2,flat,3,rev,sick,S1
54,fem,notang,135,304,TRUE,norm,170,fal,0,up,0,norm,buff,H
54,male,asympt,120,188,fal,norm,113,fal,1.4,flat,1,rev,sick,S2
60,male,asympt,145,282,fal,hyp,142,TRUE,2.8,flat,2,rev,sick,S2
60,male,notang,140,185,fal,hyp,155,fal,3,flat,0,norm,sick,S1
54,male,notang,150,232,fal,hyp,165,fal,1.6,up,0,rev,buff,H
59,male,asympt,170,326,fal,hyp,140,TRUE,3.4,down,0,rev,sick,S2
46,male,notang,150,231,fal,norm,147,fal,3.6,flat,0,norm,sick,S1
65,fem,notang,155,269,fal,norm,148,fal,0.8,up,0,norm,buff,H
67,male,asympt,125,254,TRUE,norm,163,fal,0.2,flat,2,rev,sick,S3
62,male,asympt,120,267,fal,norm,99,TRUE,1.8,flat,2,rev,sick,S1
65,male,asympt,110,248,fal,hyp,158,fal,0.6,up,2,fix,sick,S1
44,male,asympt,110,197,fal,hyp,177,fal,0,up,1,norm,sick,S1
65,fem,notang,160,360,fal,hyp,151,fal,0.8,up,0,norm,buff,H
60,male,asympt,125,258,fal,hyp,141,TRUE,2.8,flat,1,rev,sick,S1
51,fem,notang,140,308,fal,hyp,142,fal,1.5,up,1,norm,buff,H
48,male,abnang,130,245,fal,hyp,180,fal,0.2,flat,0,norm,buff,H
58,male,asympt,150,270,fal,hyp,111,TRUE,0.8,up,0,rev,sick,S3
45,male,asympt,104,208,fal,hyp,148,TRUE,3,flat,0,norm,buff,H
53,fem,asympt,130,264,fal,hyp,143,fal,0.4,flat,0,norm,buff,H
39,male,notang,140,321,fal,hyp,182,fal,0,up,0,norm,buff,H
68,male,notang,180,274,TRUE,hyp,150,TRUE,1.6,flat,0,rev,sick,S3
52,male,abnang,120,325,fal,norm,172,fal,0.2,up,0,norm,buff,H
44,male,notang,140,235,fal,hyp,180,fal,0,up,0,norm,buff,H
47,male,notang,138,257,fal,hyp,156,fal,0,up,0,norm,buff,H
53,fem,notang,128,216,fal,hyp,115,fal,0,up,0,?,buff,H
53,fem,asympt,138,234,fal,hyp,160,fal,0,up,0,norm,buff,H
51,fem,notang,130,256,fal,hyp,149,fal,0.5,up,0,norm,buff,H
66,male,asympt,120,302,fal,hyp,151,fal,0.4,flat,0,norm,buff,H
62,fem,asympt,160,164,fal,hyp,145,fal,6.2,down,3,rev,sick,S3
62,male,notang,130,231,fal,norm,146,fal,1.8,flat,3,rev,buff,H
44,fem,notang,108,141,fal,norm,175,fal,0.6,flat,0,norm,buff,H
63,fem,notang,135,252,fal,hyp,172,fal,0,up,0,norm,buff,H
52,male,asympt,128,255,fal,norm,161,TRUE,0,up,1,rev,sick,S1
59,male,asympt,110,239,fal,hyp,142,TRUE,1.2,flat,1,rev,sick,S2
60,fem,asympt,150,258,fal,hyp,157,fal,2.6,flat,2,rev,sick,S3
52,male,abnang,134,201,fal,norm,158,fal,0.8,up,1,norm,buff,H
48,male,asympt,122,222,fal,hyp,186,fal,0,up,0,norm,buff,H
45,male,asympt,115,260,fal,hyp,185,fal,0,up,0,norm,buff,H
61,male,asympt,120,260,fal,norm,140,TRUE,3.6,flat,1,rev,sick,S2
39,male,asympt,118,219,fal,norm,140,fal,1.2,flat,0,rev,sick,S3
61,fem,asympt,145,307,fal,hyp,146,TRUE,1,flat,0,rev,sick,S1
56,male,asympt,125,249,TRUE,hyp,144,TRUE,1.2,flat,1,norm,sick,S1
52,male,angina,118,186,fal,hyp,190,fal,0,flat,0,fix,buff,H
43,fem,asympt,132,341,TRUE,hyp,136,TRUE,3,flat,0,rev,sick,S2
62,fem,notang,130,263,fal,norm,97,fal,1.2,flat,1,rev,sick,S2
41,male,abnang,135,203,fal,norm,132,fal,0,flat,0,fix,buff,H
58,male,notang,140,211,TRUE,hyp,165,fal,0,up,0,norm,buff,H
35,fem,asympt,138,183,fal,norm,182,fal,1.4,up,0,norm,buff,H
63,male,asympt,130,330,TRUE,hyp,132,TRUE,1.8,up,3,rev,sick,S3
65,male,asympt,135,254,fal,hyp,127,fal,2.8,flat,1,rev,sick,S2
48,male,asympt,130,256,TRUE,hyp,150,TRUE,0,up,2,rev,sick,S3
63,fem,asympt,150,407,fal,hyp,154,fal,4,flat,3,rev,sick,S4
51,male,notang,100,222,fal,norm,143,TRUE,1.2,flat,0,norm,buff,H
55,male,asympt,140,217,fal,norm,111,TRUE,5.6,down,0,rev,sick,S3
29,male,abnang,130,204,fal,hyp,202,fal,0,up,0,norm,buff,H
51,male,asympt,140,261,fal,hyp,186,TRUE,0,up,0,norm,buff,H
43,fem,notang,122,213,fal,norm,165,fal,0.2,flat,0,norm,buff,H
55,fem,abnang,135,250,fal,hyp,161,fal,1.4,flat,0,norm,buff,H
70,male,asympt,145,174,fal,norm,125,TRUE,2.6,down,0,rev,sick,S4
62,male,abnang,120,281,fal,hyp,103,fal,1.4,flat,1,rev,sick,S3
35,male,asympt,120,198,fal,norm,130,TRUE,1.6,flat,0,rev,sick,S1
51,male,notang,125,245,TRUE,hyp,166,fal,2.4,flat,0,norm,buff,H
59,male,abnang,140,221,fal,norm,164,TRUE,0,up,0,norm,buff,H
59,male,angina,170,288,fal,hyp,159,fal,0.2,flat,0,rev,sick,S1
52,male,abnang,128,205,TRUE,norm,184,fal,0,up,0,norm,buff,H
64,male,notang,125,309,fal,norm,131,TRUE,1.8,flat,0,rev,sick,S1
58,male,notang,105,240,fal,hyp,154,TRUE,0.6,flat,0,rev,buff,H
47,male,notang,108,243,fal,norm,152,fal,0,up,0,norm,sick,S1
57,male,asympt,165,289,TRUE,hyp,124,fal,1,flat,3,rev,sick,S4
41,male,notang,112,250,fal,norm,179,fal,0,up,0,norm,buff,H
45,male,abnang,128,308,fal,hyp,170,fal,0,up,0,norm,buff,H
60,fem,notang,102,318,fal,norm,160,fal,0,up,1,norm,buff,H
52,male,angina,152,298,TRUE,norm,178,fal,1.2,flat,0,rev,buff,H
42,fem,asympt,102,265,fal,hyp,122,fal,0.6,flat,0,norm,buff,H
67,fem,notang,115,564,fal,hyp,160,fal,1.6,flat,0,rev,buff,H
55,male,asympt,160,289,fal,hyp,145,TRUE,0.8,flat,1,rev,sick,S4
64,male,asympt,120,246,fal,hyp,96,TRUE,2.2,down,1,norm,sick,S3
70,male,asympt,130,322,fal,hyp,109,fal,2.4,flat,3,norm,sick,S1
51,male,asympt,140,299,fal,norm,173,TRUE,1.6,up,0,rev,sick,S1
58,male,asympt,125,300,fal,hyp,171,fal,0,up,2,rev,sick,S1
60,male,asympt,140,293,fal,hyp,170,fal,1.2,flat,2,rev,sick,S2
54,fem,abnang,132,288,TRUE,hyp,159,TRUE,0,up,1,norm,buff,H
35,male,asympt,126,282,fal,hyp,156,TRUE,0,up,0,rev,sick,S1
45,fem,abnang,112,160,fal,norm,138,fal,0,flat,0,norm,buff,H
70,male,notang,160,269,fal,norm,112,TRUE,2.9,flat,1,rev,sick,S3
52,male,notang,138,223,fal,norm,169,fal,0,up,?,norm,buff,H
53,male,asympt,142,226,fal,hyp,111,TRUE,0,up,0,rev,buff,H
59,fem,asympt,174,249,fal,norm,143,TRUE,0,flat,0,norm,sick,S1
62,fem,asympt,140,394,fal,hyp,157,fal,1.2,flat,0,norm,buff,H
64,male,asympt,145,212,fal,hyp,132,fal,2,flat,2,fix,sick,S4
57,male,asympt,152,274,fal,norm,88,TRUE,1.2,flat,1,rev,sick,S1
52,male,asympt,108,233,TRUE,norm,147,fal,0.1,up,3,rev,buff,H
56,male,asympt,132,184,fal,hyp,105,TRUE,2.1,flat,1,fix,sick,S1
43,male,notang,130,315,fal,norm,162,fal,1.9,up,1,norm,buff,H
53,male,notang,130,246,TRUE,hyp,173,fal,0,up,3,norm,buff,H
48,male,asympt,124,274,fal,hyp,166,fal,0.5,flat,0,rev,sick,S3
56,fem,asympt,134,409,fal,hyp,150,TRUE,1.9,flat,2,rev,sick,S2
42,male,angina,148,244,fal,hyp,178,fal,0.8,up,2,norm,buff,H
59,male,angina,178,270,fal,hyp,145,fal,4.2,down,0,rev,buff,H
38,male,notang,138,175,fal,norm,173,fal,0,up,?,norm,buff,H
63,fem,abnang,140,195,fal,norm,179,fal,0,up,2,norm,buff,H
42,male,notang,120,240,TRUE,norm,194,fal,0.8,down,0,rev,buff,H
66,male,abnang,160,246,fal,norm,120,TRUE,0,flat,3,fix,sick,S2
54,male,abnang,192,283,fal,hyp,195,fal,0,up,1,rev,sick,S1
69,male,notang,140,254,fal,hyp,146,fal,2,flat,3,rev,sick,S2
50,male,notang,129,196,fal,norm,163,fal,0,up,0,norm,buff,H
51,male,asympt,140,298,fal,norm,122,TRUE,4.2,flat,3,rev,sick,S3
43,male,asympt,132,247,TRUE,hyp,143,TRUE,0.1,flat,?,rev,sick,S1
62,fem,asympt,138,294,TRUE,norm,106,fal,1.9,flat,3,norm,sick,S2
68,fem,notang,120,211,fal,hyp,115,fal,1.5,flat,0,norm,buff,H
67,male,asympt,100,299,fal,hyp,125,TRUE,0.9,flat,2,norm,sick,S3
69,male,angina,160,234,TRUE,hyp,131,fal,0.1,flat,1,norm,buff,H
45,fem,asympt,138,236,fal,hyp,152,TRUE,0.2,flat,0,norm,buff,H
50,fem,abnang,120,244,fal,norm,162,fal,1.1,up,0,norm,buff,H
59,male,angina,160,273,fal,hyp,125,fal,0,up,0,norm,sick,S1
50,fem,asympt,110,254,fal,hyp,159,fal,0,up,0,norm,buff,H
64,fem,asympt,180,325,fal,norm,154,TRUE,0,up,0,norm,buff,H
57,male,notang,150,126,TRUE,norm,173,fal,0.2,up,1,rev,buff,H
64,fem,notang,140,313,fal,norm,133,fal,0.2,up,0,rev,buff,H
43,male,asympt,110,211,fal,norm,161,fal,0,up,0,rev,buff,H
45,male,asympt,142,309,fal,hyp,147,TRUE,0,flat,3,rev,sick,S3
58,male,asympt,128,259,fal,hyp,130,TRUE,3,flat,2,rev,sick,S3
50,male,asympt,144,200,fal,hyp,126,TRUE,0.9,flat,0,rev,sick,S3
55,male,abnang,130,262,fal,norm,155,fal,0,up,0,norm,buff,H
62,fem,asympt,150,244,fal,norm,154,TRUE,1.4,flat,0,norm,sick,S1
37,fem,notang,120,215,fal,norm,170,fal,0,up,0,norm,buff,H
38,male,angina,120,231,fal,norm,182,TRUE,3.8,flat,0,rev,sick,S4
41,male,notang,130,214,fal,hyp,168,fal,2,flat,0,norm,buff,H
66,fem,asympt,178,228,TRUE,norm,165,TRUE,1,flat,2,rev,sick,S3
52,male,asympt,112,230,fal,norm,160,fal,0,up,1,norm,sick,S1
56,male,angina,120,193,fal,hyp,162,fal,1.9,flat,0,rev,buff,H
46,fem,abnang,105,204,fal,norm,172,fal,0,up,0,norm,buff,H
46,fem,asympt,138,243,fal,hyp,152,TRUE,0,flat,0,norm,buff,H
64,fem,asympt,130,303,fal,norm,122,fal,2,flat,2,norm,buff,H
59,male,asympt,138,271,fal,hyp,182,fal,0,up,0,norm,buff,H
41,fem,notang,112,268,fal,hyp,172,TRUE,0,up,0,norm,buff,H
54,fem,notang,108,267,fal,hyp,167,fal,0,up,0,norm,buff,H
39,fem,notang,94,199,fal,norm,179,fal,0,up,0,norm,buff,H
53,male,asympt,123,282,fal,norm,95,TRUE,2,flat,2,rev,sick,S3
63,fem,asympt,108,269,fal,norm,169,TRUE,1.8,flat,2,norm,sick,S1
52,male,asympt,128,204,TRUE,norm,156,TRUE,1,flat,0,?,sick,S2
34,fem,abnang,118,210,fal,norm,192,fal,0.7,up,0,norm,buff,H
47,male,asympt,112,204,fal,norm,143,fal,0.1,up,0,norm,buff,H
67,fem,notang,152,277,fal,norm,172,fal,0,up,1,norm,buff,H
54,male,asympt,110,206,fal,hyp,108,TRUE,0,flat,1,norm,sick,S3
66,male,asympt,112,212,fal,hyp,132,TRUE,0.1,up,1,norm,sick,S2
52,fem,notang,136,196,fal,hyp,169,fal,0.1,flat,0,norm,buff,H
55,fem,asympt,180,327,fal,abn,117,TRUE,3.4,flat,0,norm,sick,S2
54,male,asympt,122,286,fal,hyp,116,TRUE,3.2,flat,2,norm,sick,S3
56,male,asympt,130,283,TRUE,hyp,103,TRUE,1.6,down,0,rev,sick,S2
46,male,asympt,120,249,fal,hyp,144,fal,0.8,up,0,rev,sick,S1
49,fem,abnang,134,271,fal,norm,162,fal,0,flat,0,norm,buff,H
42,male,abnang,120,295,fal,norm,162,fal,0,up,0,norm,buff,H
41,male,abnang,110,235,fal,norm,153,fal,0,up,0,norm,buff,H
41,fem,abnang,126,306,fal,norm,163,fal,0,up,0,norm,buff,H
49,fem,asympt,130,269,fal,norm,163,fal,0,up,0,norm,buff,H
61,male,angina,134,234,fal,norm,145,fal,2.6,flat,2,norm,sick,S2
60,fem,notang,120,178,TRUE,norm,96,fal,0,up,0,norm,buff,H
67,male,asympt,120,237,fal,norm,71,fal,1,flat,0,norm,sick,S2
58,male,asympt,100,234,fal,norm,156,fal,0.1,up,1,rev,sick,S2
47,male,asympt,110,275,fal,hyp,118,TRUE,1,flat,1,norm,sick,S1
52,male,asympt,125,212,fal,norm,168,fal,1,up,2,rev,sick,S3
62,male,abnang,128,208,TRUE,hyp,140,fal,0,up,0,norm,buff,H
57,male,asympt,110,201,fal,norm,126,TRUE,1.5,flat,0,fix,buff,H
58,male,asympt,146,218,fal,norm,105,fal,2,flat,1,rev,sick,S1
64,male,asympt,128,263,fal,norm,105,TRUE,0.2,flat,1,rev,buff,H
51,fem,notang,120,295,fal,hyp,157,fal,0.6,up,0,norm,buff,H
43,male,asympt,115,303,fal,norm,181,fal,1.2,flat,0,norm,buff,H
42,fem,notang,120,209,fal,norm,173,fal,0,flat,0,norm,buff,H
67,fem,asympt,106,223,fal,norm,142,fal,0.3,up,2,norm,buff,H
76,fem,notang,140,197,fal,abn,116,fal,1.1,flat,0,norm,buff,H
70,male,abnang,156,245,fal,hyp,143,fal,0,up,0,norm,buff,H
57,male,abnang,124,261,fal,norm,141,fal,0.3,up,0,rev,sick,S1
59,male,notang,126,218,TRUE,norm,134,fal,2.2,flat,1,fix,sick,S2
40,male,asympt,152,223,fal,norm,181,fal,0,up,0,rev,sick,S1
42,male,notang,130,180,fal,norm,150,fal,0,up,0,norm,buff,H
61,male,asympt,140,207,fal,hyp,138,TRUE,1.9,up,1,rev,sick,S1
66,male,asympt,160,228,fal,hyp,138,fal,2.3,up,0,fix,buff,H
46,male,asympt,140,311,fal,norm,120,TRUE,1.8,flat,2,rev,sick,S2
71,fem,asympt,112,149,fal,norm,125,fal,1.6,flat,0,norm,buff,H
59,male,angina,134,204,fal,norm,162,fal,0.8,up,2,norm,sick,S1
64,male,angina,170,227,fal,hyp,155,fal,0.6,flat,0,rev,buff,H
66,fem,notang,146,278,fal,hyp,152,fal,0,flat,1,norm,buff,H
39,fem,notang,138,220,fal,norm,152,fal,0,flat,0,norm,buff,H
57,male,abnang,154,232,fal,hyp,164,fal,0,up,1,norm,sick,S1
58,fem,asympt,130,197,fal,norm,131,fal,0.6,flat,0,norm,buff,H
57,male,asympt,110,335,fal,norm,143,TRUE,3,flat,1,rev,sick,S2
47,male,notang,130,253,fal,norm,179,fal,0,up,0,norm,buff,H
55,fem,asympt,128,205,fal,abn,130,TRUE,2,flat,1,rev,sick,S3
35,male,abnang,122,192,fal,norm,174,fal,0,up,0,norm,buff,H
61,male,asympt,148,203,fal,norm,161,fal,0,up,1,rev,sick,S2
58,male,asympt,114,318,fal,abn,140,fal,4.4,down,3,fix,sick,S4
58,male,abnang,125,220,fal,norm,144,fal,0.4,flat,?,rev,buff,H
55,fem,abnang,132,342,fal,norm,166,fal,1.2,up,0,norm,buff,H
44,male,asympt,120,169,fal,norm,144,TRUE,2.8,down,0,fix,sick,S2
63,male,asympt,140,187,fal,hyp,144,TRUE,4,up,2,rev,sick,S2
63,fem,asympt,124,197,fal,norm,136,TRUE,0,flat,0,norm,sick,S1
41,male,abnang,120,157,fal,norm,182,fal,0,up,0,norm,buff,H
59,male,asympt,164,176,TRUE,hyp,90,fal,1,flat,2,fix,sick,S3
57,fem,asympt,140,241,fal,norm,123,TRUE,0.2,flat,0,rev,sick,S1
45,male,angina,110,264,fal,norm,132,fal,1.2,flat,0,rev,sick,S1
68,male,asympt,144,193,TRUE,norm,141,fal,3.4,flat,2,rev,sick,S2
57,male,asympt,130,131,fal,norm,115,TRUE,1.2,flat,1,rev,sick,S3
57,fem,abnang,130,236,fal,hyp,174,fal,0,flat,1,norm,sick,S1
38,male,notang,138,175,fal,norm,173,fal,0,up,?,norm,buff,H
58,fem,asympt,170,225,TRUE,hyp,146,TRUE,2.8,flat,2,fix,sick,S2
56,male,abnang,130,221,fal,hyp,163,fal,0,up,0,rev,buff,H
56,male,abnang,120,240,fal,norm,169,fal,0,down,0,norm,buff,H
67,male,notang,152,212,fal,hyp,150,fal,0.8,flat,0,rev,sick,S1
52,male,notang,172,199,TRUE,norm,162,fal,0.5,up,0,rev,buff,H
57,male,notang,150,168,fal,norm,174,fal,1.6,up,0,norm,buff,H
48,male,abnang,110,229,fal,norm,168,fal,1,down,0,rev,sick,S1
54,male,asympt,140,239,fal,norm,160,fal,1.2,up,0,norm,buff,H
48,fem,notang,130,275,fal,norm,139,fal,0.2,up,0,norm,buff,H
34,male,angina,118,182,fal,hyp,174,fal,0,up,0,norm,buff,H
57,fem,asympt,128,303,fal,hyp,159,fal,0,up,1,norm,buff,H
71,fem,notang,110,265,TRUE,hyp,130,fal,0,up,1,norm,buff,H
49,male,notang,120,188,fal,norm,139,fal,2,flat,3,rev,sick,S3
54,male,abnang,108,309,fal,norm,156,fal,0,up,0,rev,buff,H
59,male,asympt,140,177,fal,norm,162,TRUE,0,up,1,rev,sick,S2
57,male,notang,128,229,fal,hyp,150,fal,0.4,flat,1,rev,sick,S1
65,male,angina,138,282,TRUE,hyp,174,fal,1.4,flat,1,norm,sick,S1
45,fem,abnang,130,234,fal,hyp,175,fal,0.6,flat,0,norm,buff,H
56,fem,asympt,200,288,TRUE,hyp,133,TRUE,4,down,2,rev,sick,S3
54,male,asympt,110,239,fal,norm,126,TRUE,2.8,flat,1,rev,sick,S3
44,male,abnang,120,220,fal,norm,170,fal,0,up,0,norm,buff,H
62,fem,asympt,124,209,fal,norm,163,fal,0,up,0,norm,buff,H
54,male,notang,120,258,fal,hyp,147,fal,0.4,flat,0,rev,buff,H
51,male,notang,94,227,fal,norm,154,TRUE,0,up,1,rev,buff,H
44,fem,notang,118,242,fal,norm,149,fal,0.3,flat,1,norm,buff,H
58,fem,abnang,136,319,TRUE,hyp,152,fal,0,up,2,norm,sick,S3
60,fem,angina,150,240,fal,norm,171,fal,0.9,up,0,norm,buff,H
44,male,notang,120,226,fal,norm,169,fal,0,up,0,norm,buff,H
61,male,asympt,138,166,fal,hyp,125,TRUE,3.6,flat,1,norm,sick,S4
42,male,asympt,136,315,fal,norm,125,TRUE,1.8,flat,0,fix,sick,S2
68,male,notang,118,277,fal,norm,151,fal,1,up,1,rev,buff,H
46,male,abnang,101,197,TRUE,norm,156,fal,0,up,0,rev,buff,H
77,male,asympt,125,304,fal,hyp,162,TRUE,0,up,3,norm,sick,S4
54,fem,notang,110,214,fal,norm,158,fal,1.6,flat,0,norm,buff,H
58,fem,asympt,100,248,fal,hyp,122,fal,1,flat,0,norm,buff,H
48,male,notang,124,255,TRUE,norm,175,fal,0,up,2,norm,buff,H
57,male,asympt,132,207,fal,norm,168,TRUE,0,up,0,rev,buff,H
49,male,notang,118,149,fal,hyp,126,fal,0.8,up,3,norm,sick,S1
74,fem,abnang,120,269,fal,hyp,121,TRUE,0.2,up,1,norm,buff,H
54,fem,notang,160,201,fal,norm,163,fal,0,up,1,norm,buff,H
